id,name,industry,keywords,primary,secondary,accent,background,surface,text,text_secondary,border,success,error,warning,dark_primary,dark_background,dark_surface,dark_text,notes
1,Ocean SaaS Blue,SaaS,saas blue dashboard professional,#2563EB,#1E40AF,#38BDF8,#F8FAFC,#FFFFFF,#0F172A,#475569,#E2E8F0,#22C55E,#EF4444,#F59E0B,#60A5FA,#0F172A,#1E293B,#F1F5F9,Tailwind-compatible blue system
2,Midnight Navy SaaS,SaaS,saas navy dark professional,#1E3A5F,#0F2744,#3B82F6,#F0F4F8,#FFFFFF,#1A202C,#4A5568,#E2E8F0,#48BB78,#FC8181,#ECC94B,#60A5FA,#0A1628,#1A2332,#E2E8F0,Deep navy for professional SaaS
3,Emerald Fintech,Fintech,fintech green money banking finance,#059669,#047857,#10B981,#F0FDF4,#FFFFFF,#064E3B,#065F46,#D1FAE5,#16A34A,#DC2626,#D97706,#34D399,#022C22,#064E3B,#ECFDF5,Trust and growth for finance apps
4,Electric Blue Finance,Fintech,fintech blue bank payment digital,#1D4ED8,#1E40AF,#06B6D4,#EFF6FF,#FFFFFF,#1E3A5F,#1E40AF,#DBEAFE,#059669,#DC2626,#D97706,#93C5FD,#1E3A5F,#1E40AF,#EFF6FF,Modern digital banking palette
5,Clinical White Healthcare,Healthcare,healthcare medical clean white clinical,#0EA5E9,#0284C7,#38BDF8,#F0F9FF,#FFFFFF,#0C4A6E,#0369A1,#BAE6FD,#16A34A,#DC2626,#D97706,#7DD3FC,#082F49,#0C4A6E,#E0F2FE,Clean clinical hospital palette
6,Healing Green Healthcare,Healthcare,healthcare wellness healing green,#16A34A,#15803D,#4ADE80,#F0FDF4,#FFFFFF,#14532D,#166534,#BBF7D0,#16A34A,#DC2626,#CA8A04,#4ADE80,#052E16,#14532D,#DCFCE7,Healing and wellness focused
7,Blush Beauty,Beauty,beauty spa skincare cosmetic pink feminine,#EC4899,#DB2777,#F472B6,#FFF1F2,#FFFFFF,#831843,#9D174D,#FCE7F3,#16A34A,#EF4444,#F59E0B,#F9A8D4,#4C0519,#831843,#FDF2F8,Feminine beauty and skincare
8,Rose Gold Luxury Beauty,Beauty,beauty luxury rose gold premium skincare,#B76E79,#9D5A63,#F4B8C0,#FFF8F8,#FFFFFF,#4A1020,#6B2737,#FFDDE1,#16A34A,#EF4444,#F59E0B,#E8A2AC,#2D0A15,#4A1020,#FFF0F2,Premium rose gold beauty
9,Coral Travel,Travel,travel vacation coral sunset adventure,#F97316,#EA580C,#FB923C,#FFF7ED,#FFFFFF,#7C2D12,#9A3412,#FFEDD5,#16A34A,#EF4444,#EAB308,#FDBA74,#431407,#7C2D12,#FFF3E8,Vibrant travel and adventure
10,Teal Ocean Travel,Travel,travel sea ocean teal tropical,#0D9488,#0F766E,#2DD4BF,#F0FDFA,#FFFFFF,#134E4A,#115E59,#CCFBF1,#16A34A,#EF4444,#F59E0B,#5EEAD4,#042F2E,#134E4A,#F0FDFA,Tropical travel destination palette
11,Warm Food Orange,Food,food delivery restaurant warm orange appetite,#EA580C,#C2410C,#FB923C,#FFF7ED,#FFFFFF,#7C2D12,#9A3412,#FFEDD5,#16A34A,#EF4444,#F59E0B,#FB923C,#431407,#7C2D12,#FEF3C7,Appetizing warm food palette
12,Fresh Food Green,Food,food healthy organic fresh green natural,#16A34A,#15803D,#4ADE80,#F0FDF4,#FFFFFF,#14532D,#166534,#BBF7D0,#16A34A,#DC2626,#CA8A04,#4ADE80,#052E16,#14532D,#ECFDF5,Fresh and healthy food
13,Power Red Fitness,Fitness,fitness gym workout energy red power,#DC2626,#B91C1C,#F87171,#FFF5F5,#FFFFFF,#7F1D1D,#991B1B,#FEE2E2,#16A34A,#EF4444,#F59E0B,#EF4444,#450A0A,#7F1D1D,#FFF1F1,High energy fitness palette
14,Dark Fitness Black,Fitness,fitness gym dark black intense power,#1F2937,#111827,#F97316,#111827,#1F2937,#F9FAFB,#9CA3AF,#374151,#16A34A,#EF4444,#F59E0B,#F97316,#030712,#111827,#F9FAFB,Dark intense fitness
15,Education Purple,Education,education learning students knowledge,#7C3AED,#6D28D9,#A78BFA,#FAF5FF,#FFFFFF,#4C1D95,#5B21B6,#EDE9FE,#16A34A,#EF4444,#F59E0B,#C4B5FD,#2E1065,#4C1D95,#F5F3FF,Intellectual education palette
16,Sunny Education Yellow,Education,education kids learning fun yellow bright,#D97706,#B45309,#FCD34D,#FFFBEB,#FFFFFF,#78350F,#92400E,#FDE68A,#16A34A,#EF4444,#F59E0B,#FCD34D,#451A03,#78350F,#FEF9EE,Fun kid-friendly education
17,Crypto Gold Dark,Crypto,crypto bitcoin gold dark blockchain,#D4A017,#B8860B,#F5D062,#0A0A0A,#1A1A1A,#F5F5F5,#A0A0A0,#2A2A2A,#16A34A,#EF4444,#F59E0B,#FFD700,#000000,#111111,#FFFFFF,Dark crypto gold palette
18,Crypto Blue Digital,Crypto,crypto blockchain digital blue tech,#3B82F6,#1D4ED8,#60A5FA,#0F172A,#1E293B,#F1F5F9,#94A3B8,#334155,#22C55E,#EF4444,#F59E0B,#93C5FD,#020617,#0F172A,#E2E8F0,Digital crypto tech palette
19,Legal Navy,Legal,legal law attorney professional navy,#1E3A5F,#0F2744,#2563EB,#F8FAFC,#FFFFFF,#0F172A,#334155,#E2E8F0,#16A34A,#EF4444,#D97706,#3B82F6,#0A1628,#0F172A,#F1F5F9,Authoritative legal palette
20,Automotive Black Silver,Automotive,automotive cars luxury black silver prestige,#1A1A1A,#2D2D2D,#9CA3AF,#F5F5F5,#FFFFFF,#111111,#333333,#E5E5E5,#16A34A,#EF4444,#F59E0B,#D1D5DB,#000000,#111111,#F9FAFB,Premium automotive palette
21,Gaming Neon,Gaming,gaming neon dark electric vibrant esports,#9333EA,#7C3AED,#22D3EE,#050505,#111111,#F9FAFB,#A3A3A3,#1F1F1F,#22C55E,#EF4444,#F59E0B,#C084FC,#000000,#070707,#FAFAFA,Vibrant gaming neon palette
22,Music Dark Purple,Music,music streaming dark purple atmospheric,#6D28D9,#5B21B6,#A78BFA,#0F0B1F,#1A1535,#F5F3FF,#9CA3AF,#2D2550,#16A34A,#EF4444,#F59E0B,#C4B5FD,#070312,#0F0B1F,#EDE9FE,Atmospheric music platform palette
23,AI Indigo Cyan,AI Technology,ai artificial intelligence indigo cyan tech,#4F46E5,#4338CA,#06B6D4,#F8FAFF,#FFFFFF,#1E1B4B,#312E81,#E0E7FF,#16A34A,#EF4444,#F59E0B,#818CF8,#1E1B4B,#0F0E2E,#EEF2FF,Modern AI tech palette
24,Nonprofit Warm Green,Nonprofit,nonprofit charity warm green compassion,#16A34A,#15803D,#4ADE80,#FAFDF7,#FFFFFF,#14532D,#052E16,#BBF7D0,#16A34A,#EF4444,#CA8A04,#4ADE80,#052E16,#063813,#ECFDF5,Compassionate nonprofit palette
25,Luxury Black Gold,Luxury,luxury premium black gold exclusive,#0A0A0A,#1A1A1A,#C9A84C,#FAF9F6,#FFFFFF,#0A0A0A,#2D2D2D,#E5E5E5,#16A34A,#EF4444,#F59E0B,#D4AF37,#000000,#0A0A0A,#F5F5F5,Supreme luxury brand palette
26,E-commerce Coral,E-commerce,ecommerce shop retail product orange,#F97316,#EA580C,#FED7AA,#FFF7ED,#FFFFFF,#1C1917,#44403C,#E7E5E4,#22C55E,#EF4444,#EAB308,#FDBA74,#0C0A09,#1C1917,#FFF7ED,Friendly shopping palette
27,E-commerce Blue,E-commerce,ecommerce shop cart trusted blue,#2563EB,#1D4ED8,#93C5FD,#F8FAFC,#FFFFFF,#1E3A5F,#1E40AF,#DBEAFE,#16A34A,#EF4444,#F59E0B,#60A5FA,#1E3A5F,#1E293B,#EFF6FF,Trusted e-commerce palette
28,Portfolio Mono,Portfolio,portfolio designer minimal clean,#171717,#262626,#525252,#FAFAFA,#FFFFFF,#171717,#525252,#D4D4D4,#22C55E,#EF4444,#F59E0B,#737373,#171717,#1A1A1A,#F5F5F5,Minimal designer portfolio
29,Startup Vibrant,Startup,startup product launch vibrant purple,#8B5CF6,#7C3AED,#34D399,#F5F3FF,#FFFFFF,#2D1B69,#4C1D95,#EDE9FE,#16A34A,#EF4444,#F59E0B,#A78BFA,#1E0D3F,#2E1065,#F5F3FF,Energetic startup palette
30,Dark SaaS Pro,SaaS,saas dark professional dashboard,#3B82F6,#2563EB,#60A5FA,#030712,#0F172A,#F8FAFC,#94A3B8,#1E293B,#22C55E,#EF4444,#F59E0B,#60A5FA,#020617,#020617,#F1F5F9,Dark professional SaaS
31,Analytics Slate,Analytics,analytics data dashboard slate professional,#0F172A,#1E293B,#3B82F6,#F8FAFC,#FFFFFF,#0F172A,#475569,#CBD5E1,#22C55E,#EF4444,#F59E0B,#38BDF8,#020617,#0F172A,#E2E8F0,Data-forward analytics palette
32,Wellness Sage,Wellness,wellness mental health calm serene sage,#84CC16,#65A30D,#BEF264,#F7FEE7,#FFFFFF,#1A2E05,#365314,#D9F99D,#16A34A,#EF4444,#CA8A04,#A3E635,#0F1A00,#1A2E05,#ECFDF5,Calming wellness palette
33,Spa Lavender,Spa Wellness,spa wellness relaxation lavender purple,#A855F7,#9333EA,#C084FC,#FAF5FF,#FFFFFF,#3B0764,#581C87,#F3E8FF,#16A34A,#EF4444,#F59E0B,#D8B4FE,#270044,#3B0764,#FAF5FF,Luxurious spa lavender
34,Travel Adventure,Travel,travel adventure outdoors wilderness exploration,#92400E,#78350F,#F97316,#FFFBEB,#FFFFFF,#451A03,#78350F,#FDE68A,#16A34A,#EF4444,#D97706,#FB923C,#1C0700,#451A03,#FEF9EE,Earthy adventure travel
35,Meditation Teal,Meditation,meditation mindfulness calm teal serene,#0D9488,#0F766E,#2DD4BF,#F0FDFA,#FFFFFF,#042F2E,#0F4540,#CCFBF1,#16A34A,#EF4444,#F59E0B,#5EEAD4,#011A1A,#042F2E,#F0FDFA,Serene meditation palette
36,Kids Playful Rainbow,Kids,kids children playful colorful fun bright,#F59E0B,#D97706,#EF4444,#FFFBEB,#FFFFFF,#1C1917,#44403C,#FEF3C7,#22C55E,#EF4444,#F59E0B,#FCD34D,#0C0A09,#1C1917,#FFFBEB,Playful colorful children palette
37,Nature Green,Sustainability,eco green nature organic sustainability,#166534,#14532D,#22C55E,#F0FDF4,#FFFFFF,#052E16,#14532D,#DCFCE7,#16A34A,#EF4444,#CA8A04,#4ADE80,#011A0A,#052E16,#F0FDF4,Natural organic sustainability
38,Sky Blue Productivity,Productivity,productivity tools focus calm sky blue,#0EA5E9,#0284C7,#38BDF8,#F0F9FF,#FFFFFF,#0C4A6E,#075985,#BAE6FD,#16A34A,#EF4444,#F59E0B,#7DD3FC,#082F49,#0C4A6E,#E0F2FE,Focused productivity palette
39,Enterprise Grey Blue,Enterprise,enterprise corporate b2b grey blue,#3B82F6,#2563EB,#60A5FA,#F8FAFC,#FFFFFF,#1E293B,#334155,#E2E8F0,#22C55E,#EF4444,#F59E0B,#93C5FD,#0F172A,#1E293B,#F1F5F9,Professional enterprise palette
40,Fashion Black White,Fashion,fashion minimal editorial black white,#171717,#262626,#FAFAFA,#FFFFFF,#FFFFFF,#0A0A0A,#737373,#E5E5E5,#22C55E,#EF4444,#F59E0B,#D4D4D4,#0A0A0A,#171717,#FAFAFA,Editorial fashion palette
41,Luxury Champagne,Luxury,luxury champagne gold warm premium,#92713C,#7A5F30,#D4A853,#FDFBF6,#FFFFFF,#1C1410,#3D2B1A,#F5EDD5,#16A34A,#EF4444,#F59E0B,#C9A97A,#0A0806,#1C1410,#FDF9F0,Warm luxury champagne
42,Social Purple,Social,social media community sharing connection,#7C3AED,#6D28D9,#EC4899,#FAF5FF,#FFFFFF,#2E1065,#4C1D95,#F3E8FF,#16A34A,#EF4444,#F59E0B,#C4B5FD,#1E0A3F,#2E1065,#FAF5FF,Vibrant social media palette
43,Engineering Dark,Developer,developer engineering dark code terminal,#10B981,#059669,#34D399,#0A0F0A,#0F1F17,#F0FDF4,#71717A,#1F2D24,#22C55E,#EF4444,#F59E0B,#6EE7B7,#050A05,#0A0F0A,#ECFDF5,Terminal engineering palette
44,Photography Black,Photography,photography dark cinematic black portfolio,#D4D4D4,#A3A3A3,#FAFAFA,#0A0A0A,#171717,#FAFAFA,#A3A3A3,#262626,#22C55E,#EF4444,#F59E0B,#F5F5F5,#000000,#0A0A0A,#F5F5F5,Dramatic photography portfolio
45,Restaurant Warm,Restaurant,restaurant dining food warm inviting,#B45309,#92400E,#FCD34D,#FFFBEB,#FFFFFF,#1C0A00,#451A03,#FEF3C7,#16A34A,#EF4444,#D97706,#F59E0B,#0A0400,#1C0A00,#FFFBEB,Warm welcoming restaurant
46,Automotive Red,Automotive,automotive sports car performance red,#DC2626,#B91C1C,#EF4444,#1A1A1A,#2D2D2D,#FAFAFA,#D1D5DB,#404040,#22C55E,#EF4444,#F59E0B,#F87171,#0A0A0A,#111111,#F9FAFB,Performance automotive red
47,Tech Startup Gradient,Tech Startup,tech startup modern gradient vibrant,#6366F1,#4F46E5,#EC4899,#FAFAFE,#FFFFFF,#1E1B4B,#312E81,#E0E7FF,#22C55E,#EF4444,#F59E0B,#818CF8,#13112E,#1E1B4B,#F0F0FF,Modern tech startup palette
48,News Monochrome,News Media,news media journalism monochrome clean,#171717,#262626,#525252,#F5F5F5,#FFFFFF,#0A0A0A,#525252,#D4D4D4,#16A34A,#EF4444,#D97706,#737373,#0A0A0A,#171717,#FAFAFA,Clean journalistic palette
49,Event Vibrant,Events,events conference party entertainment vibrant,#F43F5E,#E11D48,#FB923C,#FFF1F2,#FFFFFF,#4C0519,#881337,#FFE4E6,#16A34A,#EF4444,#F59E0B,#FB7185,#2D0010,#4C0519,#FFF5F6,Energetic event palette
50,Education Dark,Education,education online learning dark mode,#8B5CF6,#7C3AED,#A78BFA,#0F0E1E,#1A1833,#EDE9FE,#A78BFA,#2D2850,#22C55E,#EF4444,#F59E0B,#C4B5FD,#070512,#0F0E1E,#F5F3FF,Dark mode education
51,Real Estate Slate,Real Estate,real estate property modern slate,#0F172A,#1E293B,#3B82F6,#F8FAFC,#FFFFFF,#0F172A,#475569,#E2E8F0,#22C55E,#EF4444,#F59E0B,#60A5FA,#020617,#0F172A,#E2E8F0,Clean real estate
52,Detailing Midnight,Automotive Detailing,automotive detailing luxury premium dark midnight,#1A1A2E,#16213E,#C9A84C,#F5F5F5,#FFFFFF,#0A0A14,#1A1A2E,#E8E8EC,#22C55E,#EF4444,#D97706,#D4AF37,#05050A,#0D0D1A,#FAFAFA,Premium automotive detailing dark palette
53,Detailing Silver,Automotive Detailing,car detailing silver chrome professional,#6B7280,#4B5563,#F97316,#F9FAFB,#FFFFFF,#111827,#374151,#E5E7EB,#22C55E,#EF4444,#F59E0B,#9CA3AF,#030712,#111827,#F9FAFB,Professional detailing silver palette
54,Detailing Obsidian,Automotive Detailing,detailing luxury obsidian black prestige polish,#0A0A0A,#111111,#B8860B,#FAFAFA,#FFFFFF,#050505,#1A1A1A,#E0E0E0,#22C55E,#EF4444,#F59E0B,#DAA520,#000000,#050505,#F5F5F5,Ultra premium obsidian palette
55,Minimalist Neutral,General,minimalist neutral clean simple modern,#525252,#404040,#0EA5E9,#FAFAFA,#FFFFFF,#171717,#525252,#E5E5E5,#22C55E,#EF4444,#F59E0B,#9CA3AF,#171717,#1A1A1A,#F5F5F5,Versatile neutral minimal palette
56,Nordic Blue,Scandinavian,nordic scandinavian clean minimal blue cold,#3B5998,#2E4482,#7EB0D4,#F0F4F8,#FFFFFF,#1A2744,#2D3D6A,#C5D5E8,#22C55E,#EF4444,#F59E0B,#93A8C8,#0D1A2E,#1A2744,#EDF2F8,Nordic Scandinavian design
57,Warm Terracotta,Lifestyle,lifestyle warm terracotta earthy cozy,#C2693C,#A85230,#F5A978,#FDF7F3,#FFFFFF,#4A1E0A,#7A3820,#F5DDD0,#16A34A,#EF4444,#D97706,#E88A62,#2A0D04,#4A1E0A,#FEF4EF,Warm lifestyle terracotta
58,Dark Emerald,Premium,premium dark emerald exclusive night,#065F46,#047857,#10B981,#021A12,#032B1C,#ECFDF5,#6EE7B7,#064E3B,#16A34A,#EF4444,#F59E0B,#34D399,#011009,#021A12,#D1FAE5,Exclusive dark emerald
59,Warm Cream,Lifestyle,lifestyle organic cream warm soft minimal,#92400E,#78350F,#F59E0B,#FFFCF5,#FFFFFF,#1C0A00,#44403C,#F5E9D0,#16A34A,#EF4444,#D97706,#F59E0B,#0A0500,#1C1410,#FFFDF7,Warm organic cream palette
60,Bold Primary,Creative,creative bold primary colors playful,#DC2626,#B91C1C,#3B82F6,#FAFAFA,#FFFFFF,#0A0A0A,#404040,#E5E5E5,#16A34A,#EF4444,#F59E0B,#2563EB,#000000,#111111,#FAFAFA,Bold primary color palette
61,Electric Purple,Creative,creative electric purple vibrant modern,#7C3AED,#6D28D9,#C026D3,#FAF5FF,#FFFFFF,#2E1065,#4C1D95,#EDE9FE,#16A34A,#EF4444,#F59E0B,#A855F7,#1E0A3F,#2E1065,#F5F3FF,Electric creative purple
62,Arctic Ice,Technology,tech arctic ice cold blue white,#BAE6FD,#7DD3FC,#0EA5E9,#F0F9FF,#FFFFFF,#0C4A6E,#0369A1,#E0F2FE,#16A34A,#EF4444,#F59E0B,#38BDF8,#082F49,#0C4A6E,#E0F2FE,Cool arctic technology
63,Organic Earth,Sustainability,organic earth natural brown green,#78350F,#92400E,#16A34A,#FEFCE8,#FFFFFF,#1C0A00,#3D1A00,#FEF3C7,#16A34A,#EF4444,#CA8A04,#F59E0B,#0A0400,#1C0A00,#FEFCE8,Natural organic earth tones
64,Pink Millennial,Consumer,millennial pink blush lifestyle consumer,#F9A8D4,#F472B6,#EC4899,#FFF1F2,#FFFFFF,#831843,#9D174D,#FCE7F3,#16A34A,#EF4444,#F59E0B,#FCA5A5,#4C0519,#881337,#FDF2F8,Millennial pink consumer
65,Business Blue Gray,Business,business professional blue gray corporate,#1E40AF,#1D4ED8,#6B7280,#F9FAFB,#FFFFFF,#111827,#374151,#E5E7EB,#22C55E,#EF4444,#F59E0B,#60A5FA,#030712,#111827,#F9FAFB,Solid business palette
66,Food Blog Warm,Food,food blog recipe warm photography,#D97706,#B45309,#F97316,#FFFBEB,#FFFFFF,#451A03,#78350F,#FEF3C7,#16A34A,#EF4444,#F59E0B,#FCD34D,#1C0700,#451A03,#FFFBEB,Warm food blog palette
67,Dark Admin,Admin,admin dashboard dark professional,#1D4ED8,#1E3A8A,#3B82F6,#111827,#1F2937,#F9FAFB,#9CA3AF,#374151,#22C55E,#EF4444,#F59E0B,#60A5FA,#030712,#111827,#F9FAFB,Dark admin dashboard
68,Glassmorphism Purple,Design,glassmorphism purple gradient frosted,#7C3AED,#6D28D9,#A78BFA,#1A0D3D,#2D1B69,#F5F3FF,#C4B5FD,#3D2B8A,#22C55E,#EF4444,#F59E0B,#DDD6FE,#0D0519,#1A0D3D,#EDE9FE,Glassmorphism purple scheme
69,Vintage Brown,Vintage,vintage retro warm brown nostalgic,#92400E,#78350F,#B45309,#FFFBEB,#FFFFF0,#1C0A00,#44403C,#F5E6C8,#16A34A,#EF4444,#D97706,#D97706,#0A0400,#1C0A00,#FFFBEB,Warm vintage brown tones
70,Neon Dark Tech,Technology,neon dark tech cyberpunk electric,#00D4FF,#00B8D9,#7B2FBE,#050510,#0A0A1E,#E0F9FF,#9BA4B5,#1A1A35,#22C55E,#EF4444,#F59E0B,#40E0FF,#020208,#050510,#E0F9FF,Cyberpunk neon tech
71,Warm Sand,Neutral,neutral warm sand minimal clean,#D6C8A8,#C4B490,#A0855A,#FAFAF5,#FFFFFF,#3D2B15,#6B5633,#EDE3D0,#16A34A,#EF4444,#D97706,#C4A882,#1A1005,#2D2010,#F5F2EC,Warm sandy neutral
72,Industrial Steel,Industrial,industrial steel dark grey professional,#64748B,#475569,#0EA5E9,#F1F5F9,#FFFFFF,#0F172A,#334155,#CBD5E1,#22C55E,#EF4444,#F59E0B,#94A3B8,#020617,#0F172A,#F1F5F9,Industrial steel palette
73,Fresh Mint,Health,fresh mint clean health wellness,#10B981,#059669,#34D399,#F0FDF4,#FFFFFF,#022C22,#065F46,#A7F3D0,#16A34A,#EF4444,#CA8A04,#6EE7B7,#011A14,#022C22,#ECFDF5,Fresh mint health
74,Electric Yellow,Creative,creative electric yellow vibrant bold,#EAB308,#CA8A04,#FDE047,#FEFCE8,#FFFFFF,#422006,#713F12,#FEF9C3,#16A34A,#EF4444,#D97706,#FACC15,#1C0A00,#422006,#FEFCE8,Vibrant electric yellow
75,Luxury Navy Gold,Luxury,luxury navy gold premium exclusive,#0A1628,#0F2744,#C9A84C,#F8F8F0,#FFFFFF,#050D18,#1E3A5F,#D4D0C4,#16A34A,#EF4444,#D97706,#D4AF37,#020710,#050D18,#F5F4EE,Ultimate luxury navy gold
76,Feminine Rose,Lifestyle,feminine rose soft lifestyle gentle,#FB7185,#F43F5E,#FCA5A5,#FFF5F6,#FFFFFF,#4C0519,#881337,#FFE4E6,#16A34A,#EF4444,#F59E0B,#FCA5A5,#2D0010,#4C0519,#FFF5F6,Soft feminine rose
77,Desert Sand,Lifestyle,desert sand earthy southwestern warm,#D97706,#B45309,#92400E,#FFFBEB,#FFFFF0,#1C0700,#44403C,#FDE68A,#16A34A,#EF4444,#D97706,#F59E0B,#0A0400,#1C0700,#FFFBEB,Earthy southwestern desert
78,Midnight Ocean,Premium,premium midnight ocean deep dark blue,#0C4A6E,#0A3D5C,#0EA5E9,#020B14,#051826,#E0F2FE,#7DD3FC,#0C2D45,#22C55E,#EF4444,#F59E0B,#38BDF8,#010609,#020B14,#E0F2FE,Deep ocean midnight premium
79,Pastel Spring,Consumer,spring pastel light gentle fresh consumer,#86EFAC,#4ADE80,#FDA4AF,#F0FDF4,#FFFFFF,#052E16,#14532D,#DCFCE7,#16A34A,#EF4444,#F59E0B,#86EFAC,#022C16,#052E16,#F0FDF4,Fresh spring pastels
80,Charcoal Minimal,Minimal,minimal charcoal dark elegant clean,#262626,#171717,#525252,#FAFAFA,#FFFFFF,#0A0A0A,#404040,#E5E5E5,#22C55E,#EF4444,#F59E0B,#737373,#000000,#0A0A0A,#F5F5F5,Charcoal minimal elegant
81,Cyber Pink,Tech,cyber pink futuristic tech modern,#EC4899,#DB2777,#F0ABFC,#1A0528,#2D0A45,#FDF4FF,#C084FC,#3D1260,#22C55E,#EF4444,#F59E0B,#F0ABFC,#0D0215,#1A0528,#FDF4FF,Cyber pink futuristic
82,Forest Deep,Nature,nature forest deep green dark,#15803D,#166534,#4ADE80,#071A0D,#0D2B18,#ECFDF5,#6EE7B7,#1A4D2E,#16A34A,#EF4444,#CA8A04,#4ADE80,#030D06,#071A0D,#DCFCE7,Deep forest green
83,Lavender Dream,Wellness,lavender dream wellness soft purple,#C4B5FD,#A78BFA,#7C3AED,#FAF5FF,#FFFFFF,#2E1065,#4C1D95,#EDE9FE,#16A34A,#EF4444,#F59E0B,#DDD6FE,#1E0A3F,#2E1065,#F5F3FF,Dreamy lavender wellness
84,Modern Orange,Tech,modern orange tech bold startup,#EA580C,#C2410C,#F97316,#FFFAF0,#FFFFFF,#1C0A00,#7C2D12,#FFEDD5,#16A34A,#EF4444,#D97706,#FB923C,#0A0400,#1C0A00,#FFF7ED,Bold modern orange tech
85,Cobalt Professional,Professional,professional cobalt blue executive,#1E40AF,#1E3A8A,#3B82F6,#EFF6FF,#FFFFFF,#1E1B4B,#1E3A8A,#DBEAFE,#16A34A,#EF4444,#F59E0B,#60A5FA,#0F0E2E,#1E1B4B,#EFF6FF,Executive cobalt professional
86,Rose Quartz,Luxury,luxury rose quartz pink premium soft,#E879A0,#CF6489,#FCA5A5,#FFF5F7,#FFFFFF,#4A1828,#7A2D4A,#FFDDE5,#16A34A,#EF4444,#F59E0B,#F9A8C4,#2D0A16,#4A1828,#FFF2F5,Luxury rose quartz
87,Ink Black,Typography,typography ink black editorial bold,#000000,#0A0A0A,#1A1A1A,#FFFFFF,#FAFAFA,#000000,#404040,#E0E0E0,#22C55E,#EF4444,#F59E0B,#333333,#000000,#000000,#FFFFFF,Pure typographic ink
88,Ocean Gradient,Travel,travel ocean gradient turquoise blue,#06B6D4,#0891B2,#0EA5E9,#ECFEFF,#FFFFFF,#083344,#164E63,#A5F3FC,#22C55E,#EF4444,#F59E0B,#22D3EE,#042B35,#083344,#CFFAFE,Ocean travel gradient
89,Warm Beige,Interior,interior design warm beige neutral,#D6A97C,#BE8A60,#F5C897,#FEFAF5,#FFFFFF,#3D2010,#6B3C1C,#F5E0CA,#16A34A,#EF4444,#D97706,#E8C09A,#1A0A05,#3D2010,#FDF5EC,Warm interior beige
90,Steel Blue,Corporate,corporate steel blue reliable clean,#3B6E9C,#2D5A84,#60A5FA,#F0F6FC,#FFFFFF,#0D2137,#1E3F5A,#C8DCEC,#16A34A,#EF4444,#F59E0B,#7EB8DC,#060F1A,#0D2137,#E8F0F8,Reliable corporate steel blue
91,Emerald Success,SaaS,saas success metrics growth positive,#10B981,#059669,#34D399,#ECFDF5,#FFFFFF,#022C22,#065F46,#A7F3D0,#16A34A,#EF4444,#CA8A04,#6EE7B7,#011A14,#022C22,#DCFCE7,Growth-positive SaaS
92,Violet Dev,Developer,developer tools violet clean modern,#7C3AED,#6D28D9,#8B5CF6,#F5F3FF,#FFFFFF,#2E1065,#4C1D95,#EDE9FE,#22C55E,#EF4444,#F59E0B,#A78BFA,#1E0A3F,#2E1065,#F5F3FF,Developer tools violet
93,Amber Gold,Food,food premium amber gold warm,#D97706,#B45309,#F59E0B,#FFFBEB,#FFFFFF,#451A03,#78350F,#FEF3C7,#16A34A,#EF4444,#D97706,#FCD34D,#1C0700,#451A03,#FFFBEB,Premium food amber gold
94,Sky Fresh,Consumer,consumer fresh sky light clean,#0EA5E9,#0284C7,#BAE6FD,#F0F9FF,#FFFFFF,#0C4A6E,#0369A1,#E0F2FE,#16A34A,#EF4444,#F59E0B,#7DD3FC,#082F49,#0C4A6E,#E0F2FE,Fresh sky consumer palette
95,Luxury Plum,Luxury,luxury plum velvet exclusive,#6B21A8,#581C87,#A855F7,#FAF5FF,#FFFFFF,#2E1065,#4C1D95,#F3E8FF,#16A34A,#EF4444,#F59E0B,#C084FC,#1E0A3F,#2E1065,#FAF5FF,Luxurious plum velvet
96,Tech Blue Green,Technology,tech modern blue green gradient,#0D9488,#0F766E,#2563EB,#F0FDFA,#FFFFFF,#042F2E,#0F4540,#CCFBF1,#22C55E,#EF4444,#F59E0B,#5EEAD4,#011A1A,#042F2E,#E0F2FE,Tech gradient palette
97,Autumn Harvest,Seasonal,autumn harvest warm seasonal lifestyle,#B45309,#92400E,#DC2626,#FFFBEB,#FFFFFF,#451A03,#78350F,#FEF3C7,#16A34A,#EF4444,#D97706,#F59E0B,#1C0700,#451A03,#FEF9EE,Warm autumn harvest
98,Midnight Purple,Premium,premium midnight purple dark elegant,#1E0052,#300A7A,#7C3AED,#0D021A,#1A0430,#F5F3FF,#C4B5FD,#2D1060,#22C55E,#EF4444,#F59E0B,#A78BFA,#070010,#0D021A,#EDE9FE,Elegant midnight purple
99,Coral Blush,Consumer,coral blush consumer modern warm,#F87171,#EF4444,#FDA4AF,#FFF5F5,#FFFFFF,#450A0A,#7F1D1D,#FEE2E2,#16A34A,#EF4444,#F59E0B,#FCA5A5,#270606,#450A0A,#FFF5F5,Warm coral blush consumer
100,Silver Tech,Technology,tech silver modern precise clean,#9CA3AF,#6B7280,#3B82F6,#F9FAFB,#FFFFFF,#111827,#374151,#E5E7EB,#22C55E,#EF4444,#F59E0B,#9CA3AF,#030712,#111827,#F9FAFB,Precise silver technology
101,Deep Sea,Travel,travel deep sea navy immersive,#0C4A6E,#075985,#0EA5E9,#EFF9FF,#FFFFFF,#0A2540,#0C4A6E,#BAE6FD,#22C55E,#EF4444,#F59E0B,#38BDF8,#050E1A,#082234,#E0F2FE,Deep sea travel experience
102,Clean White SaaS,SaaS,saas white minimal clean light,#6366F1,#4F46E5,#818CF8,#FFFFFF,#F8FAFC,#111827,#4B5563,#E5E7EB,#16A34A,#EF4444,#F59E0B,#818CF8,#1E1B4B,#0F172A,#F5F5F5,Ultra-clean white SaaS
103,Industrial Dark,Industrial,industrial dark professional machine,#374151,#1F2937,#6B7280,#030712,#111827,#F9FAFB,#9CA3AF,#374151,#22C55E,#EF4444,#F59E0B,#9CA3AF,#000000,#030712,#F9FAFB,Industrial dark machine
104,Garden Fresh,Lifestyle,lifestyle garden fresh botanical green,#22C55E,#16A34A,#86EFAC,#F0FDF4,#FFFFFF,#052E16,#14532D,#DCFCE7,#16A34A,#EF4444,#CA8A04,#4ADE80,#011A0A,#052E16,#ECFDF5,Fresh botanical garden
105,Night Sky,Entertainment,entertainment night sky dark stars,#312E81,#1E1B4B,#818CF8,#030310,#0F0E2E,#EDE9FE,#A78BFA,#1E1B4B,#22C55E,#EF4444,#F59E0B,#C4B5FD,#010108,#030310,#F5F3FF,Atmospheric night sky
106,Slate Professional,B2B,b2b professional slate clean efficient,#475569,#334155,#3B82F6,#F1F5F9,#FFFFFF,#0F172A,#334155,#CBD5E1,#22C55E,#EF4444,#F59E0B,#94A3B8,#020617,#0F172A,#F1F5F9,Clean slate B2B
107,Sunrise Orange,Consumer,consumer fresh sunrise morning energy,#F97316,#EA580C,#FED7AA,#FFF8EE,#FFFFFF,#1C0700,#7C2D12,#FFEDD5,#16A34A,#EF4444,#D97706,#FB923C,#0A0400,#1C0700,#FEF7EE,Energizing sunrise consumer
108,Midnight Emerald,Luxury,luxury midnight emerald dark gem,#065F46,#047857,#34D399,#010E08,#021810,#ECFDF5,#6EE7B7,#0D3B26,#16A34A,#EF4444,#CA8A04,#6EE7B7,#000A05,#010E08,#D1FAE5,Luxurious midnight emerald
109,Bold Red,Consumer,consumer bold red action energetic,#DC2626,#B91C1C,#F87171,#FFF5F5,#FFFFFF,#450A0A,#7F1D1D,#FEE2E2,#16A34A,#EF4444,#F59E0B,#EF4444,#270606,#450A0A,#FFF5F5,Bold action red consumer
110,Tiffany Blue,Luxury,luxury tiffany blue brand premium,#0ABAB5,#088C88,#5EEAD4,#F0FDFD,#FFFFFF,#022C2B,#0F4540,#CCFBF8,#16A34A,#EF4444,#F59E0B,#2DD4BF,#010F0F,#022C2B,#ECFDFD,Iconic Tiffany blue luxury
111,Dark Neon Blue,Entertainment,entertainment dark neon blue electric,#1D4ED8,#1E40AF,#00D4FF,#040818,#0A1428,#EFF6FF,#93C5FD,#0A1F3F,#22C55E,#EF4444,#F59E0B,#38BDF8,#010309,#040818,#DBEAFE,Dark electric neon entertainment
112,Warm Ivory,Premium,premium warm ivory elegant soft,#D6BBAE,#C4A898,#B45309,#FEFCF9,#FFFFFF,#2D1A10,#4A2E20,#F0E8E0,#16A34A,#EF4444,#D97706,#C9A882,#150A06,#2D1A10,#FEF9F4,Warm ivory premium palette
113,Purple Haze,Creative,creative purple haze dreamy gradient,#8B5CF6,#7C3AED,#D946EF,#FAF5FF,#FFFFFF,#2E1065,#4C1D95,#EDE9FE,#22C55E,#EF4444,#F59E0B,#C084FC,#1E0A3F,#2E1065,#FAF5FF,Dreamy purple creative
114,Mint Fresh,Health,health mint fresh clean modern,#34D399,#10B981,#6EE7B7,#F0FDF4,#FFFFFF,#022C22,#064E3B,#A7F3D0,#16A34A,#EF4444,#CA8A04,#6EE7B7,#011A14,#022C22,#D1FAE5,Fresh mint health palette
115,Onyx Black,Luxury,luxury onyx black minimal prestige,#171717,#0A0A0A,#525252,#FAFAFA,#FFFFFF,#000000,#171717,#E5E5E5,#22C55E,#EF4444,#F59E0B,#737373,#000000,#050505,#FAFAFA,Ultra minimal onyx luxury
116,Warm Amber,Food,food warm amber honey cozy,#92400E,#78350F,#F59E0B,#FFF9E6,#FFFFFF,#1C0700,#451A03,#FEF3C7,#16A34A,#EF4444,#D97706,#F59E0B,#0A0400,#1C0700,#FFFBEB,Warm amber food palette
117,Cool Gray,Neutral,neutral cool gray professional minimal,#374151,#1F2937,#9CA3AF,#F9FAFB,#FFFFFF,#111827,#374151,#E5E7EB,#22C55E,#EF4444,#F59E0B,#9CA3AF,#030712,#111827,#F9FAFB,Versatile cool gray
118,Vivid Violet,Creative,creative vivid violet bold artistic,#7C3AED,#5B21B6,#A855F7,#FAF5FF,#FFFFFF,#2E1065,#4C1D95,#EDE9FE,#16A34A,#EF4444,#F59E0B,#C084FC,#1E0A3F,#2E1065,#F5F3FF,Vivid creative violet
119,Deep Indigo,Tech,tech deep indigo sophisticated modern,#3730A3,#312E81,#6366F1,#EEF2FF,#FFFFFF,#1E1B4B,#2D2A72,#E0E7FF,#22C55E,#EF4444,#F59E0B,#818CF8,#13112E,#1E1B4B,#EEF2FF,Deep indigo tech
120,Warm Sunset,Social,social warm sunset orange pink,#F97316,#EA580C,#EC4899,#FFF7F5,#FFFFFF,#450A0A,#7F1D1D,#FFE4E6,#16A34A,#EF4444,#F59E0B,#FB923C,#270606,#450A0A,#FFF5F5,Vibrant warm sunset social
121,Petroleum Blue,Finance,finance petroleum blue reliable safe,#0B4F6C,#093C52,#0EA5E9,#EEF9FF,#FFFFFF,#051E2A,#083040,#BAE6FD,#16A34A,#EF4444,#D97706,#38BDF8,#020D12,#051E2A,#E0F2FE,Reliable petroleum blue finance
122,Sage Garden,Wellness,wellness sage garden organic natural,#84CC16,#65A30D,#A3E635,#FAFFF2,#FFFFFF,#1A2E05,#365314,#D9F99D,#16A34A,#EF4444,#CA8A04,#A3E635,#0F1A00,#1A2E05,#F7FEE7,Calm sage garden wellness
123,Retro Mustard,Vintage,vintage retro mustard warm nostalgic,#A16207,#854D0E,#EAB308,#FFFBEB,#FFFFF4,#451A03,#78350F,#FEF3C7,#16A34A,#EF4444,#D97706,#FDE047,#1C0700,#451A03,#FEF9C3,Nostalgic retro mustard
124,Dark Teal,Tech,tech dark teal modern clean,#0D9488,#0F766E,#2DD4BF,#031A19,#062C2A,#F0FDFA,#5EEAD4,#0D3330,#22C55E,#EF4444,#F59E0B,#2DD4BF,#01100F,#031A19,#CCFBF1,Dark teal technology
125,White Space,Minimal,minimal white space clean breathing room,#E5E7EB,#D1D5DB,#3B82F6,#FFFFFF,#FAFAFA,#111827,#6B7280,#F3F4F6,#22C55E,#EF4444,#F59E0B,#9CA3AF,#030712,#111827,#F9FAFB,Ultra minimal white space
126,Jewel Emerald,Luxury,luxury emerald jewel gemstone,#059669,#047857,#10B981,#ECFDF5,#FFFFFF,#022C22,#065F46,#A7F3D0,#16A34A,#EF4444,#CA8A04,#34D399,#011A14,#022C22,#D1FAE5,Jewel-toned emerald luxury
127,Solar Flare,Energy,energy solar vibrant yellow warm,#CA8A04,#B45309,#EAB308,#FEFCE8,#FFFFFF,#422006,#713F12,#FEF9C3,#16A34A,#EF4444,#D97706,#FACC15,#1C0A00,#422006,#FEFCE8,Solar energy warm palette
128,Arctic Night,Premium,premium arctic night dark cold blue,#1E3A5F,#0F2744,#60A5FA,#020B14,#041825,#DBEAFE,#93C5FD,#0F2744,#22C55E,#EF4444,#F59E0B,#93C5FD,#010609,#020B14,#DBEAFE,Premium arctic night palette
129,Neon Green,Gaming,gaming neon green electric cyber,#16A34A,#15803D,#4ADE80,#030A04,#071510,#ECFDF5,#86EFAC,#0D2B18,#22C55E,#EF4444,#F59E0B,#4ADE80,#010502,#030A04,#DCFCE7,Gaming neon green
130,Midnight Blue,Premium,premium midnight deep blue elegant,#1E3A8A,#1E3A5F,#3B82F6,#020B20,#051233,#EFF6FF,#93C5FD,#0F2040,#22C55E,#EF4444,#F59E0B,#60A5FA,#010512,#020B20,#DBEAFE,Premium midnight blue
131,Warm Terracotta Red,Lifestyle,terracotta red warm lifestyle earthy,#B91C1C,#991B1B,#F87171,#FFF5F5,#FFFFFF,#450A0A,#7F1D1D,#FEE2E2,#16A34A,#EF4444,#F59E0B,#EF4444,#270606,#450A0A,#FFF5F5,Warm terracotta lifestyle
132,Nordic Frost,Design,nordic frost white cool minimal,#94A3B8,#64748B,#0EA5E9,#F8FAFD,#FFFFFF,#0F172A,#334155,#E2E8F0,#22C55E,#EF4444,#F59E0B,#BAE6FD,#020617,#0F172A,#F0F9FF,Nordic frost minimal
133,Vivid Blue,Consumer,consumer vivid blue energetic,#1D4ED8,#1E3A8A,#38BDF8,#EFF6FF,#FFFFFF,#1E1B4B,#1E3A8A,#DBEAFE,#16A34A,#EF4444,#F59E0B,#60A5FA,#0F0E2E,#1E1B4B,#EFF6FF,Energetic vivid blue consumer
134,Gold Rush,Finance,finance gold investment wealth premium,#B45309,#92400E,#F59E0B,#FFFBEB,#FFFFFF,#451A03,#78350F,#FEF3C7,#16A34A,#EF4444,#D97706,#FCD34D,#1C0700,#451A03,#FFFBEB,Wealth and investment gold
135,Cyber Yellow,Tech,tech cyber yellow electric vibrant,#CA8A04,#A16207,#EAB308,#0A0800,#1A1400,#FEFCE8,#FDE047,#2A2200,#22C55E,#EF4444,#F59E0B,#FACC15,#050400,#0A0800,#FEFCE8,Electric cyber yellow tech
136,Burgundy Wine,Premium,premium burgundy wine deep red,#881337,#6A0F2C,#E11D48,#FFF1F2,#FFFFFF,#4C0519,#881337,#FFE4E6,#16A34A,#EF4444,#F59E0B,#FB7185,#2D0010,#4C0519,#FFF5F6,Deep burgundy wine premium
137,Coral Reef,Consumer,consumer coral reef vibrant ocean,#F97316,#EA580C,#FB923C,#FFF7ED,#FFFFFF,#1C0700,#7C2D12,#FFEDD5,#16A34A,#EF4444,#EAB308,#FDBA74,#0A0400,#1C0700,#FEF3EE,Vibrant coral reef consumer
138,Academic Maroon,Education,education academic maroon university,#9F1239,#881337,#F43F5E,#FFF1F2,#FFFFFF,#4C0519,#881337,#FFE4E6,#16A34A,#EF4444,#F59E0B,#FB7185,#2D0010,#4C0519,#FFF5F6,Academic institution maroon
139,Deep Forest,Nature,nature deep forest environmental organic,#14532D,#15803D,#4ADE80,#071A0D,#0D2B18,#ECFDF5,#4ADE80,#1A4D2E,#16A34A,#EF4444,#CA8A04,#86EFAC,#030D06,#071A0D,#D1FAE5,Deep forest environmental
140,Modern Gold,Finance,finance modern gold premium banking,#D4AF37,#B8960C,#FFD700,#FAFAF5,#FFFFFF,#0A0800,#3D2B05,#F5E8AA,#16A34A,#EF4444,#D97706,#FFD700,#050400,#0A0800,#FEFCE8,Modern gold financial
141,Turquoise Modern,Design,design modern turquoise refreshing,#06B6D4,#0891B2,#67E8F9,#ECFEFF,#FFFFFF,#083344,#164E63,#CFFAFE,#22C55E,#EF4444,#F59E0B,#22D3EE,#042430,#083344,#CFFAFE,Modern turquoise design
142,Ink Blue,Professional,professional ink blue premium clean,#1E3A5F,#162D4A,#3B82F6,#F0F6FD,#FFFFFF,#0A1628,#1E3A5F,#D4E5F5,#16A34A,#EF4444,#D97706,#60A5FA,#060D18,#0A1628,#E8F0FC,Clean ink blue professional
143,Burnt Sienna,Creative,creative burnt sienna warm earthy,#A16207,#92400E,#D97706,#FFFBEB,#FFFFFF,#451A03,#78350F,#FEF3C7,#16A34A,#EF4444,#D97706,#F59E0B,#1C0700,#451A03,#FFFBEB,Warm earthy burnt sienna
144,Arctic White,Tech,tech arctic white clean icy,#E2E8F0,#CBD5E1,#0EA5E9,#FFFFFF,#FAFAFA,#0F172A,#475569,#E2E8F0,#22C55E,#EF4444,#F59E0B,#94A3B8,#020617,#0F172A,#F1F5F9,Arctic clean tech white
145,Deep Sapphire,Luxury,luxury deep sapphire gem blue,#1E3A8A,#1E2F6E,#3B82F6,#EFF6FF,#FFFFFF,#0F1E4E,#1E2F70,#DBEAFE,#16A34A,#EF4444,#F59E0B,#60A5FA,#07102A,#0F1E4E,#EFF6FF,Deep sapphire luxury
146,Electric Lime,Gaming,gaming lime electric neon bright,#65A30D,#4D7C0F,#BEF264,#FAFFF0,#FFFFFF,#1A2E05,#365314,#D9F99D,#16A34A,#EF4444,#CA8A04,#A3E635,#0F1A00,#1A2E05,#F7FEE7,Gaming electric lime
147,Charcoal Red,Agency,agency creative bold charcoal red,#DC2626,#B91C1C,#1F2937,#1F2937,#374151,#F9FAFB,#D1D5DB,#4B5563,#22C55E,#EF4444,#F59E0B,#F87171,#030712,#111827,#F9FAFB,Bold agency charcoal red
148,Pastel Peach,Consumer,consumer pastel peach soft warm,#FCA5A5,#F87171,#FB923C,#FFF5F5,#FFFFFF,#7F1D1D,#9A3412,#FFEDD5,#16A34A,#EF4444,#F59E0B,#FECACA,#3B0B0B,#7F1D1D,#FFF5F5,Soft pastel peach consumer
149,Teal Minimalist,Design,design teal minimal modern clean,#0D9488,#0F766E,#2DD4BF,#F0FDFA,#FFFFFF,#042F2E,#0F4540,#CCFBF1,#16A34A,#EF4444,#F59E0B,#5EEAD4,#011A1A,#042F2E,#F0FDFA,Clean teal minimal
150,Black White Gold,Luxury,luxury black white gold classic,#0A0A0A,#1A1A1A,#D4AF37,#FFFFFF,#FAFAFA,#0A0A0A,#404040,#E5E5E5,#22C55E,#EF4444,#F59E0B,#FFD700,#000000,#050505,#FAFAFA,Classic black white gold
151,Violet Neon,Tech,tech violet neon modern electric,#7C3AED,#6D28D9,#E879F9,#050010,#0F0020,#F5F3FF,#DDD6FE,#1E0F40,#22C55E,#EF4444,#F59E0B,#C084FC,#020008,#050010,#EDE9FE,Neon violet tech
152,Warm Gold,Premium,premium warm gold investment wealth,#B45309,#92400E,#EAB308,#FFFBEB,#FFFFFF,#451A03,#78350F,#FEF3C7,#16A34A,#EF4444,#D97706,#FCD34D,#1C0700,#451A03,#FFFBEB,Premium warm gold
153,Pale Blue,Healthcare,healthcare pale blue gentle calming,#BAE6FD,#7DD3FC,#0EA5E9,#F0F9FF,#FFFFFF,#0C4A6E,#0369A1,#E0F2FE,#16A34A,#EF4444,#F59E0B,#38BDF8,#082F49,#0C4A6E,#E0F2FE,Gentle calming healthcare
154,Gunmetal,Industrial,industrial gunmetal grey dark pro,#374151,#1F2937,#9CA3AF,#111827,#1F2937,#F9FAFB,#9CA3AF,#374151,#22C55E,#EF4444,#F59E0B,#D1D5DB,#030712,#111827,#F9FAFB,Industrial gunmetal professional
155,Bright Cyan,Technology,technology bright cyan electric fresh,#06B6D4,#0891B2,#22D3EE,#ECFEFF,#FFFFFF,#083344,#164E63,#A5F3FC,#22C55E,#EF4444,#F59E0B,#67E8F9,#042430,#083344,#CFFAFE,Fresh bright cyan tech
156,Papaya,Lifestyle,lifestyle papaya tropical warm vibrant,#EA580C,#C2410C,#FB923C,#FFF7ED,#FFFFFF,#1C0700,#7C2D12,#FFEDD5,#16A34A,#EF4444,#EAB308,#FDBA74,#0A0400,#1C0700,#FEF3EE,Tropical papaya lifestyle
157,Soft Lilac,Design,design soft lilac feminine gentle,#C4B5FD,#A78BFA,#DDD6FE,#FAF5FF,#FFFFFF,#2E1065,#4C1D95,#EDE9FE,#16A34A,#EF4444,#F59E0B,#DDD6FE,#1E0A3F,#2E1065,#F5F3FF,Soft lilac gentle design
158,Tan Brown,Neutral,neutral tan brown warm organic,#D4A27A,#C08050,#92400E,#FEF9F4,#FFFFFF,#2D1504,#5C3110,#F5E0C8,#16A34A,#EF4444,#D97706,#D4A27A,#100700,#2D1504,#FDF5EC,Warm organic tan brown
159,Pure Indigo,SaaS,saas pure indigo brand clean,#4338CA,#3730A3,#6366F1,#EEF2FF,#FFFFFF,#1E1B4B,#2E2B80,#E0E7FF,#22C55E,#EF4444,#F59E0B,#818CF8,#13112E,#1E1B4B,#EEF2FF,Pure indigo SaaS
160,Wine Red,Food,food wine dining deep red premium,#881337,#6A0F2C,#DC2626,#FFF5F5,#FFFFFF,#4C0519,#881337,#FFE4E6,#16A34A,#EF4444,#F59E0B,#FB7185,#2D0010,#4C0519,#FFF5F6,Deep wine dining red
161,Premium Service,Service,service premium professional clean minimal,#1E3A5F,#0F2744,#C9A84C,#F8F8F2,#FFFFFF,#0A0A14,#1A2744,#E8E4D8,#22C55E,#EF4444,#D97706,#D4AF37,#050510,#0A0A14,#FAFAF5,Premium service clean palette
